cbsa_code,nat_walk_index_mean,population_density_mean,activity_density_mean,intersection_density_mean,nat_walk_index_pop_weighted
10100,7.504761904771429,3.5277517332285715,3.5132665027142855,66.67461857491428,7.427158329428165
10140,10.134408602145163,2.3598461056290323,2.051642479387097,55.29527652603226,9.796710066196463
10180,7.322916666673611,3.670127768326389,2.990711769048611,71.43558634777779,7.029974883703734
10220,7.00520833346875,1.78914910775,1.6820608204375,53.6494886351875,6.620739698147609
10300,6.020325203231707,2.4413796364512197,1.6512856990731706,36.10546272597561,6.026868344217976
10380,3.6773211567671233,3.3661732581552513,1.783434878780822,53.747966473410955,3.5438452742937008
10420,7.458408679985533,5.4656630863869795,4.198644419670886,77.65360347618807,7.250871833641589
10460,6.386524822914894,2.9960456741702126,2.2130768909148935,59.68794882812766,5.675592567284629
10500,7.057632398542056,1.8644568277009346,1.629837830093458,61.4214998282243,6.844370919707543
10540,9.019607843094118,3.3524207249411764,2.827339798917647,52.251287347152946,9.22164754068356
10580,10.129850746295523,6.845659180897015,6.415865407920895,70.38416945257462,9.601450040753045
10620,6.173913043456522,0.8587829794999999,0.8036571871086957,23.5858155406087,5.911059658962562
10660,6.440860214709677,2.48976820816129,2.0632471523870968,54.77679285006452,6.529089955757354
10700,5.746153846107692,0.8016199000923078,0.7793652148,20.321861466215385,5.904850491335288
10740,11.232456140384212,6.603535145705263,5.248607071945615,93.99671795442632,10.870719104042962
10760,4.709219858170213,0.32019495470212767,0.2683972303404255,11.492767487957448,4.743337023323202
10780,6.077380952348214,1.6512849321160714,1.612567124875,36.007774068991075,6.121866349487419
10820,6.43333333332,0.80335152556,1.04484181664,23.66714949956,6.70589737381402
10860,6.650406504073171,2.25853509297561,1.8324565312682928,63.519315472317075,6.2969278296484115
10900,11.325259515463667,7.9556688187595155,5.469748278474048,135.4046195798841,10.892935664808808
10940,5.463963963972972,2.3304225621351353,1.1402139243513512,21.881771099324325,5.460126135358804
10980,6.299019608117647,1.7096898055,1.678906077617647,48.445390846529406,6.174961554789494
11020,8.210914454522124,5.090108854628319,4.35020279520354,98.77395913456637,8.01782109478156
11060,7.311594202695653,2.835789767347826,1.8521914195652174,75.52193198991304,7.292290418911127
11100,10.716503267906862,5.440334073901961,3.9100165406127454,89.11269257404902,9.991200097072399
11140,6.224137930862069,1.141678607413793,0.9840739188965518,27.467219041965517,6.104143819855074
11180,7.327235772365854,4.853551831207317,4.516850188536585,60.6528696157317,7.480188559419482
11220,5.920634920619047,2.5592619566190478,2.0862568785,39.538193859880955,6.064348723378242
11260,9.896070975787072,23.5534374263308,29.624233480243348,67.69991755331938,8.8561395911517
11380,8.833333333545454,4.593787961636363,3.088646395181818,120.9495915538182,8.387950387331575
11420,5.575268817483871,0.8974999234516129,1.2636079750967741,26.967171762032258,5.5876167548211395
11460,10.240371846,7.641679400466136,8.271972025350598,84.06457546380875,9.618919320285043
11500,5.670329670318681,1.1538608582417582,1.0815466544065933,37.56548864974725,5.730536875768476
11540,7.415650406567073,4.462053874926829,3.6128959522987802,70.23749277682317,7.211938472343379
11580,6.012820512884615,1.7109008893076922,1.0986155493076923,37.40827187769231,5.884809106484079
11620,7.397959183714285,1.651198594755102,1.6197973856122447,70.56309701548979,6.984132969950839
11640,3.827067669195489,4.339166555819549,2.10205722456391,62.735930159917295,3.7781282288668554
11660,6.315789473842105,1.4466677851578948,1.5845194964210527,49.785800705263156,6.193135284181818
11700,7.982183908141379,1.5896194718448278,1.9184061220034483,43.06515222315517,7.920349960259653
11740,6.704545454659091,2.7627790483636363,2.5478962781590906,47.61422643945455,6.080573579987808
11780,6.136524822617021,1.987765958042553,1.5010186803829788,34.8046846292234,5.8751443574621245
11820,10.407894736868421,2.0351423798421053,2.8881207643421054,62.546762230394734,10.131874211066387
11860,6.1041666669375,2.49419130475,1.87475235625,48.203184761624996,6.234828576886756
11900,7.996527778,3.7688202962708335,2.6128285243958334,62.06495237925,8.805311211126744
11940,5.583333333294117,0.7542381706470589,0.891031481,24.428458677823528,4.966447488855854
11980,5.225308642,0.8449247158888888,0.5639421057407407,23.637270653277778,5.288685889492629
12020,6.570570570585586,3.5965453534234233,2.8034121603333335,62.408618815666664,6.741627415722808
12060,8.89834424331729,4.593203124782056,4.422047873970736,50.20146429811321,8.513196871953001
12100,12.18931159416848,7.922888823581522,7.834100277347826,100.95057050657064,11.3654298506337
12120,5.833333333366666,0.7191110607,0.5755062590000001,24.815564524066666,5.597960422960459
12140,6.290476190542857,1.7846675041142857,1.8410483262571429,56.42927798737143,5.814974397421366
12180,7.745614034894737,2.8661461921447366,2.5236548845921054,31.654431083131577,7.745496652318603
12220,6.3896103896103895,2.5146966985194807,2.601367010974026,49.53558706303896,6.217199143644823
12260,6.40423572748895,2.330618894143646,2.3427033440856353,45.808464527911596,6.257553985129669
12300,6.851132686145631,1.6664164257087377,1.9762632142718448,31.92485069848544,6.624727467251315
12380,7.553921568558824,4.201047164705883,3.535318292264706,76.69091381111764,7.362010336080551
12420,9.753016201377456,6.9077567844715615,6.155779894879007,70.08783538675802,9.238899083142186
12460,5.706349205952381,0.9171395515714286,0.928821547952381,28.032114924857144,5.782444502170574
12540,10.323099415385965,7.756567991124999,4.175718856942982,68.4016189747478,9.94993448884836
12580,11.059004617669574,11.961419972396612,9.202276015646486,108.65526900703797,10.645785017410356
12620,6.455840455871795,2.0166713885726497,2.503116433059829,31.130298216435897,6.340203275595487
12660,6.478070175236843,1.1902176023157895,1.4481778343421052,28.322471504421053,6.777863387387068
12680,5.434782608478261,0.6817971829130435,0.7478016813478261,12.777419798999999,5.304327869105998
12700,8.973639455892856,1.8566492230459184,2.2091509388265305,49.76966539521939,8.71042709854652
12740,9.556603773792453,1.5721764502641509,1.9412427207924527,33.04387649273585,9.154832954564855
12780,6.992248062255815,2.687864537767442,2.614410352325581,65.15919997062791,6.962023166417433
12860,5.812865496982456,2.2106578947017543,2.1254714699122808,23.495391717912284,5.722042492540009
12900,5.369565217347826,0.451700582673913,0.5385097302608696,19.90118019728261,5.447723129596314
12940,6.430666666672,3.43380926312,3.121284600198,43.129499778846004,6.312701109240678
12980,6.216524216615385,2.4798145239230767,2.1623673524957265,50.19298318245299,6.125669589254349
13020,7.474910394322581,3.588299965064516,2.6850842172150537,85.4525762412043,7.3241558987704956
13060,6.564814814611111,2.1180199423055557,1.3631165012222222,56.32982070997222,6.807668580750538
13100,7.416666666545454,2.4784337663636364,1.9545997553636363,61.36400454436364,7.154526510724149
13140,6.820927723841423,3.4368228939546928,2.57549644023301,66.21408542560842,6.575741759257828
13180,6.422885572179105,2.599394096373134,1.8265325549402984,37.23250135316418,6.42335794140806
13220,6.16145833328125,1.14765998840625,1.1940365082916666,32.58161720042708,6.319459445931563
13260,6.282051281999999,1.4449489004871794,1.600084930025641,41.49536712574359,5.84977019806552
13300,6.847222222333333,2.811765417291667,1.3164151309583334,67.93682979104166,6.21443720499584
13340,6.128205128076923,1.4778731963333334,1.6241944624102562,44.93831647048718,5.715886433999713
13380,7.2696078432745095,3.815527505892157,3.331707067872549,53.5162711247353,7.2989610047002875
13420,5.843434343484848,1.2677355855151513,1.7119246764242426,25.791629704333335,6.016794240766074
13460,9.380392156623529,3.0157411476352944,3.0405973961411767,59.37249714622354,9.5240173824313
13500,5.333333333333333,0.6640789857916667,0.5906897265000001,24.812472909666667,5.278291744869337
13540,8.580952380857143,1.0605469758000001,1.3813181470571427,22.517032823971427,8.322364513786551
13620,6.481481481416667,1.28410906475,1.101106291611111,30.50370776522222,6.478010487489044
13660,6.3686868685454545,1.3680699283636362,1.277695958242424,22.582941792606057,6.2824750367886475
13700,7.470238095571429,2.6301463895714288,1.660586421857143,68.34396986707142,6.935527859127608
13720,5.9739583333125,2.1892672969375,1.4661715036875,20.38555566515625,6.1384323298133685
13740,7.765384615330769,4.147053277707692,4.024542713984616,67.82180722556154,7.395113778614355
13780,6.900937081706828,4.800261041895582,5.025925007742972,59.13428610475502,6.550195045931238
13820,8.566755674238985,3.057752784124166,2.8756561904526032,60.15807776017089,7.693139539793899
13900,7.824675324519481,4.052267022285714,4.5984393711948055,70.52821464615585,7.770762301839366
13940,5.6888888891,1.2871157865666667,0.9781755146333333,26.951576830266667,5.785683446537859
13980,8.222701149224138,4.067747151991379,2.3256094975862074,51.20993982291379,8.517854106960716
14010,10.756172839083334,5.673997877824075,4.856451589472222,91.03416210590741,10.500495518693533
14020,9.35585585563964,4.660693402621622,4.443192752288288,88.36284391391892,9.80689014358661
14100,7.098039215573529,3.4150489701323528,3.0529037698088235,71.48483962004411,6.946152905576047
14140,6.0347985348021975,0.9398755533516484,0.9683812386813188,29.488461855956043,6.1038178932601985
14180,6.244186046488372,1.4377241480465115,1.1304093201860466,44.66293306590698,6.090919349586445
14220,5.333333333300001,0.6042584361333333,0.5048546647000001,21.9337320999,5.141313472600168
14260,10.912186379842293,5.317348877222223,4.674468338681004,83.695417410319,10.040831114230961
14300,5.283333333233333,0.7377382572666666,0.4558246916,19.246517006433336,5.1817166544258075
14380,7.000000000064516,1.8960973698064516,1.4876787483548388,61.18729587332259,7.574292736346011
14420,6.34090909109091,1.7011441352272727,1.525601104409091,47.963832091045454,6.212059400964257
14460,12.0104837136299,17.291081160361905,15.088146413500876,119.25778899227004,11.581255980121488
14500,12.349999999920001,8.188492361615,6.724013136995,92.17932209192,12.739541995013873
14540,5.917431192761468,2.4381553115412844,2.584648733651376,48.99295663206422,5.989602219104486
14580,10.608333333833334,9.533614440283333,6.979708961033334,99.61928541141667,10.878460917161398
14620,6.3529411762941175,1.426541868617647,1.371266367117647,27.62457355317647,6.643651628743625
14660,6.0000000001038964,0.6331877737012986,0.8151874514025974,16.200242209493506,6.169555792507306
14700,6.509803921676471,0.860916823882353,1.3122415905588236,27.933806042617647,6.584012548877871
14720,7.113636363681818,1.8446069118181818,2.957797913409091,16.779488503045453,7.706184889603306
14740,9.130081300810975,3.5893262749329273,2.6987633929512196,48.85028471418902,9.3211042321625
14780,6.972222222375,1.6434235581666667,1.6040561006666667,49.301208494458336,7.222765068948845
14820,6.29333333316,0.73271053564,0.8465130628800001,21.491947240760002,6.065735684544057
14860,10.344291539256881,9.453097951220183,7.7288528958547404,68.67945535898623,10.259984313703173
15020,4.929487179192308,0.6816643009615385,1.0393112083076923,19.57192205826923,4.635653848936542
15060,7.872549019352941,1.0862958727647058,1.1719107511764708,34.64461368747059,7.6688585771108535
15100,6.944444444857143,3.4440384681904765,2.2495184418095238,44.350869972619044,7.105002093501971
15140,4.9555555556,0.9191088156666667,0.9110511338000001,20.003544449333333,5.026604420976771
15180,6.990370370422222,5.72672432032,3.874442651822222,69.84436883788445,6.535221102602001
15220,6.8333333331874995,1.85742632015625,1.6067505066874999,79.572095458875,6.553554122236691
15260,6.6200000000933334,2.3617250338533333,2.16999198076,56.466929769320004,6.5358721588009185
15340,6.881944444125,2.6785666719375,2.1468806590416665,69.25553859114584,6.641560172041883
15380,11.245026178033509,8.693407185458637,6.952085134075393,80.35959621075183,10.55346274057187
15420,6.561904761771429,1.8493973378857143,1.4206015846285716,38.81795711705714,6.4162898483208
15460,10.653846153807693,3.097506957461538,2.311174032846154,73.65009397161538,10.630453489387381
15500,6.778761061955752,2.254983895539823,2.080301695619469,42.18163667231858,6.504221261815402
15540,9.740229885172413,4.190497923551725,4.207109976103448,44.3058816972,9.759441606142454
15580,13.693693694243242,4.866854499864865,4.671068126891892,130.1850287501892,13.336631815231659
15620,6.0,1.2478562589189188,1.251680304,29.477296494594594,5.854891895440302
15660,5.649425287310344,1.033390253689655,1.0813208979655173,18.08286907051724,5.554105769736029
15680,5.833333333303571,1.2709557669285714,0.9996957196249999,17.29993931823214,6.1715248076997415
15700,5.433333333466666,1.6326480638666667,1.5869749258666668,30.3313009497,5.615004701241313
15740,5.8428571428,1.5744210576857145,1.4566915902285715,34.97275804631428,5.587589753996461
15780,5.596774193645161,0.5993303434838709,0.7318419275806453,23.15671203464516,5.444975205871128
15820,5.10416666665625,0.932793562,0.9323458932812501,25.79027299409375,5.223553194978616
15860,6.527777778027778,2.093539471666667,1.7440759124166667,44.461071930638894,5.581922046030403
15940,7.4246954595514945,3.739610076820598,3.2373424475083055,92.34117986721594,7.373109040433044
15980,9.420233463031128,3.976162289799611,3.958468331540856,61.0433526540642,9.210605615739288
16020,6.429824561276316,2.121172734763158,2.1373055867499997,41.97080865707895,6.508278685316253
16060,6.396694214801653,2.504452531603306,2.409111128355372,52.99531298723141,6.184534471552638
16100,7.73863636375,3.1816298941363637,2.277685994295455,85.12930536893181,7.54778859164347
16140,7.471014492913043,1.6483432922608698,2.086388745782609,43.08235457356522,7.578073797253343
16180,9.775193798465116,6.5142648606511635,5.01169479327907,98.1049683977907,9.916668196555804
16220,8.940972221916667,4.180671394916667,3.560330222541667,103.43546986308333,8.424903857960478
16260,7.913580247037037,3.281115847,2.5299399006296293,80.98287957714814,7.73148390417309
16300,10.379734848579545,3.739132858732954,3.6144354806534094,58.365799511494316,9.860921553763484
16340,5.95833333334375,1.27549846321875,1.10930720425,31.51283243084375,5.604030016928137
16380,6.17171717169697,1.224551126121212,1.054227557939394,29.162212140818184,6.110625071472577
16420,4.614942528724138,0.5087421343448276,0.37772343672413794,10.085462117,4.732987999106464
16460,6.42248062027907,1.5440576597674418,1.4855737780697673,51.47287166458139,6.242061408171883
16500,6.099462365596774,1.4550484581612904,1.3608831065645162,31.179449454612904,5.821279582046018
16540,6.664794007595505,2.208626042483146,2.090954528539326,37.4052470267191,6.465590467798921
16580,10.858283433047905,7.857844817047905,7.600477192095808,86.6088146674491,11.138242390595654
16620,6.528472222220833,2.4511387317916666,3.2468902276624996,53.73047509078334,6.314579219762352
16660,6.569892473048387,2.826036002951613,2.490692959032258,79.91451245019354,6.604452537938786
16700,9.19527363193781,4.270185309800995,4.065285018539801,58.6952860464005,8.642014171117225
16740,8.32611832618254,3.1953320366536797,3.58056034594228,48.533413074888884,8.251254487375787
16820,8.955314009608696,4.221171710927536,4.28625582457971,53.174878430840586,8.78678220283932
16860,7.27302025788674,2.314007890878453,2.196930943116022,40.030782626723756,6.9410574297541725
16940,7.8840579708695655,4.413991966623189,3.761976675434783,84.15954997986957,7.789897500877379
16980,11.940212443111989,17.228922242441275,13.333461022425947,128.93977144580805,11.583535208343093
17020,7.058974358871795,5.368041202564103,4.029545525189744,60.3289510827641,7.033565268414656
17060,5.575268817112904,2.471629170096774,2.1826516889838707,36.298019209596774,5.133063382234156
17140,9.608375959044118,5.502417520455243,5.148023278268542,69.06152965318478,8.89161210771625
17220,6.674509804235294,1.7188391130117646,1.453448352035294,47.07552035935294,6.6735666412758485
17260,6.3402777781249995,2.3422843808750002,1.7230766517916667,53.806992777208336,6.166932751043945
17300,5.81962025314557,2.2261450224177213,1.6097840577531646,35.74002885777215,5.991532087963337
17340,9.440972222291666,1.4154606189791668,1.2105846439166668,38.02250014133333,9.605911330103572
17380,5.845238095428571,1.2467787445,0.9360118781071429,26.87040099617857,6.1377740961065905
17420,6.119402985238806,1.6858083954626866,1.6972806974477612,38.98035901835821,5.823120898375518
17460,10.678079496246163,7.648347716752657,6.041369776182999,73.70956502077568,10.176451078005256
17500,6.166666666759999,1.6633007974,1.57909197316,44.35134801628,6.330376056053081
17540,9.2291666663125,2.6491642340625,2.341557216125,44.95563187933334,9.222718736900145
17580,7.841666666499999,3.7554898221499995,2.7725660180749996,91.55124162864999,7.574739204445009
17620,3.9999999999565214,4.733168696391305,2.214222824826087,69.35150029317391,3.481522984847396
17640,4.391304347782609,4.582726953,2.189439260391304,83.42304590621738,4.666189361886704
17660,7.8409090908333345,2.855999501984848,2.6762626337424242,64.8145411099394,7.956977311911565
17700,6.445945945891892,1.490979265,1.503185576,50.55576319237838,6.561652006889597
17740,5.361111111047618,1.3797298739047619,1.069061731857143,30.801733612285716,5.426008779906044
17780,7.001141552623288,5.60741150879452,4.952260353130137,57.333844696397264,7.062192355952207
17820,10.924122807078948,6.4854340320842105,4.972396717207895,103.44863178732106,10.198748080121444
17860,7.346846846891891,3.70261634927027,3.94086400563964,53.017521872099096,7.18431334147428
17900,8.521548821547475,2.8547315028080806,2.9224553192929292,47.576217688288885,7.9428492011198975
17980,6.684729064049261,3.133827203684729,2.600848919660099,54.60356201877833,6.441137425654678
18020,6.528248587745763,2.3794999721186443,2.484422845237288,53.765547330949154,6.583592818449146
18060,6.685606060545454,1.5069208637500002,1.7173339486818184,40.83990943515909,6.425125202563235
18100,7.898809523785714,2.972387213857143,3.1556461593214284,83.95658497721429,7.999884059824486
18140,9.753026933524092,7.13248653610378,5.6114536254803555,87.45965446968718,9.224407377480802
18180,6.782178217831683,1.7968217506633664,1.9905590778019802,24.775191061267325,6.687689023890493
18220,6.5256410256538455,2.5140524512307696,2.4052136667692308,59.30105432311538,5.90074809750789
18260,5.3717948717692305,0.9822415830615384,1.1144439780307693,29.992443197200004,5.442099237695509
18300,9.286458333125,2.1371409996875,1.9272411163906251,52.730648115890624,9.329176407016
18380,6.4333333331,1.45183474025,1.2571320777000001,49.586514471200005,5.914813679735708
18420,5.691358024666666,1.0125336098148148,0.9920610394444445,30.011302428703704,5.268634570485234
18460,6.51282051276923,0.6407108639615384,0.7512105822307693,19.87542483753846,6.32700369543993
18500,6.463768115858696,1.8896010024565215,2.0265447248913047,39.56946864109783,6.443147935995966
18580,10.983739837167247,6.637158322170731,4.7310830816341465,78.77606810448432,10.659185355124663
18620,6.1999999999428566,2.1023249700571425,1.6933974540285714,53.11943168091429,5.936033866446164
18660,6.489361702234043,3.947340881744681,4.060254811319149,53.04432392648936,6.442179415332607
18700,11.68852459027869,6.927435340377049,6.694402659704918,76.52910891791804,11.675764832761985
18740,5.999999999787878,2.1902972391212123,1.777476229939394,57.62685404369697,5.454339147877509
18780,6.577777777933333,2.411310840666667,2.0590881262666665,54.7663519936,6.279823889936983
18820,5.8480392157058825,1.7743458782058825,1.7557957246764706,34.935572068794116,6.0101020657007265
18860,8.69166666685,1.8054071280000001,1.34487949665,41.7876570885,10.537929064975497
18880,7.264403292185185,3.396303500648148,4.2004483658209875,51.47836006582716,7.370753390000799
18900,5.32812499984375,0.503758765875,0.5815336249999999,17.1944356329375,5.292847721912116
18980,5.330645161112903,0.6511764280967742,0.7662381798225806,21.281670842419356,5.098854372889094
19000,5.872807017526315,0.44227720671052634,0.3544222761052631,18.12065642473684,5.982247979672395
19060,8.82882882862162,2.0671697910270272,2.0558019670945944,49.2466845865,9.11366178003366
19100,10.203730620154312,8.699470337585272,6.422033928980136,92.48011304099151,9.70659169132957
19140,5.347079037824742,1.411443779587629,1.289223527298969,25.110218011268042,5.453516589309603
19180,6.603535353590909,1.9567279000909092,1.5956144269242425,47.941246711666665,6.582430990483248
19220,5.890243902560976,1.1902862571707318,1.105682423902439,18.304003743658537,5.9549269525779
19260,5.70281124486747,1.4044897509759036,1.574726052614458,32.78957848015663,5.5145139614979835
19300,6.4503546099787235,1.006400951393617,1.1031211408191488,21.220635667542552,6.812529932533962
19340,7.240085744884244,4.189705287745981,3.358972782321543,67.2557029625595,7.37763290831262
19420,5.324561403578947,0.4980517582105263,0.5529148278947368,14.311341656263158,5.446232274973368
19430,10.075242718389967,5.178973511367314,4.139641444509708,74.19723766170064,9.701501494013774
19460,5.487421383632075,1.5960541076037735,1.5088670898113208,27.342047343537736,5.592527780911059
19500,7.018518518585858,3.6811452912828284,3.177337776232323,68.50762474086869,6.923911546799213
19540,5.7611111113,1.2752536944333335,1.1904367918333334,30.991406378633332,5.348941611147549
19580,6.004629629527778,1.5157100675833333,1.6474311399722223,32.70342038,5.908444142463231
19620,7.66176470582353,4.06920425,2.6555725548529416,108.53575086002941,7.153449459812124
19660,10.090909090953078,4.139022294190616,3.6482404384457476,61.72964856781525,9.429162866051024
19700,7.568627451529412,1.6486298768235292,1.443108866,65.32106927952941,7.203140455354188
19740,12.033481728819144,10.281930323672231,8.620490054518642,121.52483305504285,11.843647679664816
19760,4.913043478086957,0.5078550937826087,0.5182243937391304,16.140991929,4.4897105350238515
19780,10.35498839899536,5.081701527143852,4.369637457593967,59.92494007993735,10.091675706519469
19820,8.966243014244728,7.190909037569497,5.298489328748513,84.65449655930368,8.516551973702262
19860,7.60666666656,2.8037826669999997,2.8999882677200004,61.00273743944,7.647062828572308
19940,5.999999999947368,2.1297532627105262,1.7854357043421054,44.8639627943421,6.2584306001581655
19980,7.580000000039999,3.61885233056,2.5298434473599998,96.6900090562,7.393477168108514
20020,5.922727272727273,1.1760370331363637,1.1959789946000001,28.56303313550909,6.099489525824502
20060,5.6313131314545455,0.6339370264242424,0.7177307672424242,21.107783860454546,4.965743307492894
20100,8.282407407180555,2.0723391622083334,1.8676181358750001,28.07340619513889,8.545455758608966
20140,5.588235294,0.7971661315294117,0.7738373856666666,23.768161605039214,5.340138182689261
20180,6.90256410236923,1.742188846846154,1.748598339923077,75.94767173480001,6.681358249253727
20220,7.422916666800001,4.8565917218,4.85872933015,79.1768737859625,7.31924443726142
20260,8.904761904663264,3.3108462505646257,3.5776596341700686,63.39370781161565,8.875848466688273
20300,7.811111110866666,4.5979126628666664,2.9144913256666665,82.2395567442,7.341620414902344
20340,6.733333333428572,1.4599353712285714,1.2978623302,44.46041239502858,6.495301214977878
20420,6.681818181575758,1.7236602452424243,1.6272488460909091,29.586872463575755,6.608579396457468
20460,5.994623655967741,1.3369295232580645,1.585222256548387,42.046192274677416,6.048613387586902
20500,8.952751817040498,3.4787266329626165,3.035600734009346,65.24742055451402,8.782736306609083
20540,5.288461538576923,1.3209997225,1.348695940769231,30.961335693115384,5.17964037336361
20580,7.339080460172414,5.192793208827586,3.2711441585517242,66.74575095313793,6.694655281635604
20660,6.964285713964286,1.3913093426785714,1.9180539177142857,35.04904728875,7.0978339734587355
20700,7.265957446627659,1.4605814780212767,1.321793772755319,29.388260878585108,7.074408562178792
20740,7.201449275278261,3.102854710547826,3.099669302226087,62.38642398346956,7.247875481580684
20780,8.850574712413792,2.2816870101379307,2.1986829859655175,17.30092337989655,8.859647024684769
20820,6.7133333334400005,1.0074364470800001,1.4406082744400002,31.45175182044,6.623358888881138
20900,6.809523809514285,1.3992857508285714,1.1367360109142857,47.56926857291429,6.4933575605944265
20940,8.569444444489584,6.92905330065625,4.166966234239584,70.77608434348959,8.082656367963217
20980,6.341463414585366,1.1970966755853658,1.3162019583658535,42.11494311419512,5.902278599894822
21020,6.7149122805,1.7434299464736842,1.7599231813684209,61.710232992578945,6.8450419986665905
21060,5.720000000060001,1.3644096920800002,1.14235589981,25.412584153940003,5.866935189323429
21120,8.212962962722223,1.576481160611111,1.3788275087777777,65.1039365885,8.013055714968305
21140,7.3240000001359995,3.554749126104,3.129755099496,124.092682608752,6.766834967296728
21180,5.962962962962963,1.1306049587407407,1.4991192354444447,29.41087438688889,5.9903492172374335
21220,6.132478632461538,2.0696717361025643,1.5362560505384617,51.81933309097436,5.926512826190654
21260,7.02666666664,3.16228235424,2.48014984856,58.36261501072,6.7553262687902285
21300,7.011494252724138,3.9326481527816095,3.375725777655172,73.48308962667817,6.9171526317125505
21340,11.530038759732557,8.116790637360465,5.4880045970350775,86.22696195400388,11.125590237091304
21380,7.287037037277778,4.006325854611111,3.4733238440555554,88.5298197405,7.269674122952453
21420,7.72826086976087,3.2025562141521737,2.2951226448913045,85.57456196008695,7.757686123503249
21460,5.686868686878787,0.9129259037575758,0.7574231456060606,17.426282913636364,6.013677663454804
21500,11.026466380381974,5.736183599682404,5.138739443682404,63.64264247915451,10.867067431855899
21540,6.072222222566666,1.6858081727666667,1.5588140534,37.858862909933336,6.786497191149819
21580,4.844827586206897,0.7436224824482759,0.5454479607586207,14.717440381206895,4.9242628539621185
21640,5.140000000080001,0.47982076356000003,0.47836991252000005,12.5956960694,5.129517428254579
21660,11.094961240282945,5.978798021914729,5.563161416344961,82.25776739314729,11.546329630188161
21700,10.554012345870369,3.9267699204907407,3.1280305603888885,62.62829009306482,10.777620647150714
21740,6.979166666375,1.1001191079375001,1.4748174811875001,31.3014252239375,6.652279748091563
21780,7.093023255825582,3.7507108794031008,3.514617298899225,67.3362307209031,6.920216509474789
21820,6.416666666532258,2.693811759435484,2.4855637855241937,48.34092126864516,5.742534929595477
21840,7.076923077,1.500253018230769,1.1759558306153846,41.19488721576923,7.227084140080269
21860,6.563492063142857,1.3929160041904762,1.286013644095238,32.327464930714285,6.862176918015628
21900,7.0056497177627115,2.38175298379661,2.475663656220339,55.863304493711865,6.754364538734128
21980,6.3833333337500004,1.6889120998,2.0021034373999997,61.79978304955,5.962043593029239
22020,11.741666666457142,5.956668476564285,6.360363702592857,76.84863392386428,12.200415887124771
22060,7.251937984674419,2.8935986057441863,2.812757984651163,64.80317703497674,7.406069591478932
22100,7.193798449976744,1.8342639502325582,1.7033163598139536,47.172222133674424,7.117205792353621
22140,7.73711340198969,1.741630791443299,1.5481808372371135,35.78325238886598,7.718909942020846
22180,6.314946619199288,2.459090497263345,1.9133517344377224,38.16978097019929,6.132954629172742
22220,7.0884223919312985,2.576613031347328,2.5424614584351146,41.85981485469084,7.0411635242870405
22260,5.870370370444444,0.8877271315370371,0.9657777036666667,23.16127662525926,5.890082540256226
22280,5.018518518481482,1.0096305584444443,0.5862152037777778,16.29040710937037,5.298109302989539
22300,7.268817204387097,2.96281664733871,3.3364466744193546,54.19837585243548,6.983742898769112
22340,6.411111110933333,1.3765500142,1.1079352518666667,54.86476133426667,5.45965955450752
22380,8.21088435360204,3.5906612183469386,2.578857229214286,53.190504728734695,8.86704061080247
22420,9.042001787434316,3.775848942981233,2.922156611965147,59.64719952323325,8.28558778198851
22500,6.05658436208642,1.4391025744691357,1.430658380845679,32.04762980853704,6.059173169301564
22520,6.48179271715126,1.8711591685798319,1.7326743865882352,51.65443367010084,6.175682168493832
22540,6.976744186220929,3.657788555511628,3.1661723369069765,50.72156146081395,6.926809363393491
22580,6.028846153730769,0.5909506412884615,0.6345939680384615,20.052921191634614,5.699543076912539
22620,5.0679012345925925,0.8647446386296296,0.6318130845555556,23.017815173851854,4.918314697887922
22660,10.392361110895832,7.882716473088542,4.839790419229167,77.77735388753646,9.984848932709749
22700,10.324561403657894,2.699407982763158,2.372617948394737,65.68183706757894,10.466963209021548
22780,5.7816091953793105,0.9453280675517242,0.43114841937931037,16.14165552910345,5.938560463511989
22800,6.505291005142857,1.5323232394761903,1.3665682145714286,46.108228784619044,6.354030354400333
22820,6.46000000008,2.0330953242,1.6404098642,51.65101055088,6.5915230444941075
22840,5.066037735792453,0.4727064345660377,0.33942218022641507,12.576752795301887,4.864435861376657
22860,4.401515151477273,0.9628068594090909,0.6568428061363636,16.117675907522727,4.479666189602271
22900,6.838353413638555,2.521347000361446,2.2589434294819277,57.07811743251807,6.426961547973614
23060,9.607744107781144,4.649986538457912,3.6693268695151513,64.76411944726263,9.183214629296401
23140,6.057291666375,2.92799486565625,2.32734153396875,56.9718546475625,6.145594047435807
23180,6.633986928215686,2.595211838647059,2.759710815470588,45.63719970011765,6.3409782559761005
23240,6.62499999975,0.9003961977499999,0.8265926141875001,28.5995593729375,6.391038359627556
23300,6.4489795916938775,3.128780061,2.446794510306123,60.67576120630613,6.459078936656989
23340,8.33333333334375,4.0200038234374995,3.3220546657812497,93.44901825271874,8.082908522507756
23380,6.669491525474577,2.8440551504915255,2.3214021344237286,48.552544814101694,6.555366307512572
23420,11.11884550066893,8.270089903561969,5.204160163843803,76.74846371743634,10.938836010015773
23460,6.2389558231927715,1.529579320373494,1.5862900652048193,41.46630189898795,5.93292305794117
23500,5.711382113609756,1.0995122938780488,1.098616172390244,38.82194862090244,5.161182721576061
23540,9.10913705564467,3.971932785030457,3.734444283147208,51.8570471692538,9.286371355411859
23580,6.2555555555555555,1.8680737430222223,2.0519755315555557,25.186444709944443,6.229444464249488
23620,6.5722222222,1.6680164786333334,1.4006269350333334,52.32939555153333,6.22286101772351
23660,6.235632183793103,2.844484630275862,2.2232989523103446,55.18488027898276,6.697699954742741
23700,5.157232704150943,0.9039736871698114,0.7214148948867924,15.567887074245284,5.362851011213345
23780,7.919191919242425,3.5964568553030305,3.0020191695151515,79.46837371981817,7.751587631535034
23820,6.4375,1.8904583355312499,1.4981715765624999,24.7770216221875,7.139576538214394
23860,6.351449275369566,1.096544062,1.2786344880869565,28.331316466195652,6.317333549816054
23900,7.526785714089286,1.9121642452857144,1.857005809142857,35.76138841110714,7.219344330618067
23940,6.895238095342857,1.6241477487999998,1.960482879,38.94763206048572,6.282970094457504
23980,5.0189393937954545,0.8638594122272728,1.1507033928863637,17.826034521772726,5.043414549244562
24020,6.191756272311828,1.5157217964623655,1.5696954915268815,23.94265970689247,6.646764258699822
24060,9.272108843632653,2.235908668346939,3.693360824,45.70154523622449,8.444181371949051
24100,6.624999999875,3.587001372535714,2.7717413006428573,52.082351128000006,6.559657381608563
24140,5.766666666653333,1.2451663392799999,1.19903220536,26.902247284146668,5.607781863700884
24180,6.127777777933333,1.2030003219666667,1.0740540021666665,30.6300380665,6.0442230073362335
24220,10.678294573976745,4.2446799466860465,3.729043203383721,78.75380292882559,11.232370176918995
24260,7.713114754131147,3.3635140611311476,2.6804262158032786,81.3127085940164,7.8353584554890725
24300,7.689393939738636,4.30174796075,3.762846158397727,74.29708836642045,7.322465410910919
24330,5.191056910609756,0.5456791301219512,0.5353479705365853,13.389550098463415,5.677362859419154
24340,8.697230930025079,4.792052979827586,4.082191309029781,57.0886237545721,8.339977026680568
24380,5.5317460317142855,1.2633501764285715,0.8375376273809524,24.44129578547619,5.7435811896160205
24420,8.490740741055555,3.5079202247777777,3.233271628,40.996519597833334,8.646166984865479
24460,7.5277777777,2.3708383255000003,1.8865004440333335,68.65416074049999,7.755490027704976
24500,8.111111111430555,4.704457606069444,4.325658969708333,79.66608652059722,7.772033698160609
24540,7.323809523862857,4.958399882474286,3.48577257844,69.62248615688,7.35484018530448
24580,6.847792998474886,4.032414078493151,3.6713825431369864,50.082207110045665,6.801830016812226
24620,4.6527777779375,0.6760831370625001,0.8285553169583334,15.6431620119375,4.617821239288369
24660,7.0805369127404925,3.1219527682662194,2.8974930853378074,46.41576572468681,6.915729976287524
24700,6.214285714380953,1.5209851168571429,1.5940720185238095,34.018108759,5.958044591771807
24740,7.5925925925,2.432911171222222,2.026561251925926,72.25046354266667,7.316583839469163
24780,7.046875000052083,3.450719429177083,2.722423817072917,65.37454597010417,6.971639642457873
24820,5.958333333038462,1.7029473417115386,1.507035456019231,36.00087942417308,5.8539709537982185
24860,7.778104575229412,2.1210111118333335,2.1330486808823528,43.29697918926274,7.583848973387228
24900,6.210526315973684,1.9740180356842107,1.8348197069736842,54.59595397489474,5.966485530115793
24940,6.602040816285715,1.9258979084897958,1.5566449248163268,45.97434005340816,6.337304072171368
24980,6.441176470764706,1.8004913087647059,1.6582824190588235,43.220505731,6.058534636921985
25020,4.295081967163934,6.108742587918033,2.886953137852459,99.28009517240984,4.339382077519345
25060,6.553166069261649,2.3793663236989246,2.1064042859641576,49.861032183473114,6.174482345032443
25100,6.87499999935,1.83339380985,1.5062480843500001,58.04489462905,6.895909284022063
25180,6.742774566468208,3.1540597940346826,2.91171417783237,39.90141284154913,6.413814236027185
25200,9.869047619214285,1.2253896999285714,1.5350766466428571,43.71764694514286,9.891338870256815
25220,5.919191919075757,1.169269636060606,1.0802541691818182,23.928252616,5.924889913835913
25260,10.825102880864197,5.567328066740741,3.181430069851852,76.54626256830865,10.484049086698091
25300,7.249999999947369,1.9873442694999999,1.6630100241052632,55.08233585763158,7.071528367054027
25420,10.867907801406915,5.7535555651223405,5.510422689470745,106.07074622667288,9.994099022282064
25460,5.9388888887,0.6623378129333334,0.8360570059000001,21.842871401500002,5.92861573892722
25500,8.407657657445947,3.185270326418919,3.496518550027027,51.498986273445944,9.057669288940293
25540,10.0156485670905,6.219555072552036,5.528081911235294,51.89559752395249,9.70923576822575
25580,7.6321839081379315,3.369774602586207,3.347239490965517,69.82175665982759,7.575515308892854
25620,6.5961538461923075,1.5869220598846154,1.6143412894711537,36.941300069375,6.274998659615916
25700,8.39333333336,3.8259158693199997,3.5511737926,70.94465590408,8.334528014410624
25720,7.268115941913043,1.1645113819782609,1.5913330193043478,27.075321822586957,7.56140486714324
25740,7.592896175065574,2.8037379138688525,3.3874217337704917,64.775623462,7.458666751446375
25760,6.270833333333333,1.4120898464166667,1.1193943355833333,45.902897442958334,6.008090784887727
25780,6.474747474787879,1.6951052583030304,1.598843351060606,41.66292524360607,5.93486129232186
25820,6.725490196352942,4.399862942941176,2.165401533352941,71.100192673,6.986383759660934
25840,9.497777777933333,2.00197305104,1.7950475690266667,43.528094536826664,9.39484147269757
25860,5.8675034867364015,1.0152149065690377,1.1023408799205021,23.066685211196653,5.918357105769961
25880,4.869918699219513,0.7116414188536585,0.6534985288292683,11.471612718756099,4.844203214790246
25900,4.9864498644715445,2.1322820992357725,1.8781130430162603,19.151961968918698,5.459090111822148
25940,6.511718750015625,1.5012118917265624,1.9039563080703126,33.606984764867185,6.572007079540189
25980,5.1153846153076925,1.5067724256923078,1.0988477575128206,25.310132381000003,5.000996710797033
26020,7.516666666633333,3.6886007163,2.418337093966667,72.70887949801666,7.471092509787925
26090,5.322368421013158,0.8714990788947369,0.7149136415263158,14.503522992276316,5.450150397669074
26140,6.865530302965909,1.3474438336818182,1.0627445847045456,33.17143203432955,6.8875579192888585
26220,10.21052631531579,8.798444593842106,9.121879493105263,50.45738659652631,9.91894715556807
26260,5.369047619178572,0.5243391101071428,0.7663602647500001,20.206070612607142,5.273617221654705
26300,7.3238095238285705,1.891650491842857,1.9703167187714286,55.21102062011428,6.974064729726509
26340,6.1875000001250005,1.9357841045775,1.730126631875,44.08135406655,6.866164371867055
26380,6.2097505669115645,2.623155756462585,2.3280201385578234,39.563327302,6.125797157847615
26420,10.143605870039723,8.82198139600662,6.985102615632572,93.49087748375737,9.60982540369502
26460,6.122950819770492,1.6835584458032788,2.003307205967213,22.617115010229508,6.074295375898193
26500,6.162500000275,1.8897181781,1.331040608125,40.02334193185,6.036359833849496
26540,6.656565656727272,2.477820249757576,1.93909974,50.16998237590909,6.722620815068118
26580,6.801111111016667,2.5541487812633332,2.4632501951699997,59.90895184849,6.698827809795214
26620,7.836894586901709,2.5927507429700856,2.5684266784487177,42.16845898985042,7.085624291691718
26660,5.526315789473684,4.1446431765526315,2.830636555657895,39.18385019813158,5.334036912283342
26700,7.210526316368421,2.581753032105263,2.008534663421053,62.9475200298421,7.2088255000899375
26740,7.107344632966102,3.0314679456271185,2.5019434569152543,69.85796859064406,7.13085635223483
26780,6.517857142607143,1.4787095407142858,1.2995936186071428,31.973229662535715,6.459506861905123
26820,7.213725490188235,4.06738372702353,3.353922678329412,56.81177542828236,7.1044604386304
26860,6.5714285713428575,3.0916762556571427,2.6880087583428574,67.63064918532858,6.58611354033598
26900,9.397566496888794,4.743156695340407,4.230274534334465,72.50889308703651,8.776937732301835
26940,6.313333333,1.38483167756,0.97586925604,35.88435394604,5.904693702987072
26980,8.765567765406594,5.650071100846153,5.767030503582418,48.15966021534066,8.973835902978202
27020,6.465277777250001,1.007730479875,1.0344271115833334,37.614399374166666,6.8167095767921895
27060,6.588541666578125,5.565971537375,4.396252811609375,51.3500989754375,6.52273978090209
27100,5.978371501335878,2.941408549244275,2.5619766011297713,42.85424040940458,5.7286827803553955
27140,7.540650406499999,2.6021157392365857,2.148829069207317,38.252056223109754,7.191511170942336
27160,5.794444444700001,0.9836371761,0.908669167,28.977885461766668,5.348645103292892
27180,5.769720101801527,1.5121567641145037,1.512740004687023,31.58098592465649,5.896211705278814
27220,7.6203703701666665,1.5112007271666665,2.9365868790555556,33.62502600844445,7.175288282070946
27260,10.161229314428368,4.856007394404255,4.414745253502128,72.0057314549702,9.170006809506015
27300,6.2958333329250005,1.9781229937749998,1.902302829975,60.718100454175,6.4014896253999956
27340,5.8819444444687505,2.212085381614583,1.6216908768854168,32.50446632327083,5.740208616975216
27380,4.952380952285715,0.6416476982857143,0.5893933714,17.580967352514282,4.921350082495945
27420,7.416666666818182,2.669342072090909,2.618626531181818,76.39555373031818,7.205366185640239
27460,7.046448087409836,3.5000154869836066,2.9055006926967213,70.6122257867623,6.865251126056664
27500,10.55367231638983,4.264275925,3.15409049159322,73.14126976822881,10.151156896688756
27530,5.255747126551724,0.3197455523965517,0.33003280512068967,11.108207891310347,5.350304167509792
27540,5.833333333302326,0.9631006966046511,1.4074955525581396,29.56198455490698,6.256804489111036
27580,3.111111111,2.0881805326666667,1.2035156212222222,38.166818521888885,2.7910237487025356
27600,5.557471264310345,0.5758262392413793,0.4287701585862069,13.47994172862069,5.605738473631541
27620,6.3408408408828825,1.4131300463873873,2.1075545502612614,33.46397386864865,6.114425178270997
27660,6.173076922961538,1.328887549230769,1.0815318753076923,41.27447144323077,5.6525301638531795
27700,5.528985507434783,0.7068633736086957,0.5880821042608695,29.37766580169565,5.287118845566903
27740,5.9807692306923075,1.8759394235923077,1.963292602076923,44.577749953861534,5.688216234416432
27780,7.771604938318519,2.980923989511111,2.911089489214815,97.65990980264445,7.617653908192657
27860,6.532128514253012,2.0705284313975905,1.9069921625060242,47.128128771096385,6.503498901922254
27900,7.235011990453238,2.3887974522733812,2.115424532640288,62.406149538172656,6.944634806170485
27940,10.543478260695652,5.939078431739131,10.556129405608695,41.145871619913045,10.241030003138324
27980,6.703883495281553,7.228752943029126,5.423178573378641,46.02775665148543,6.912570108066825
28020,6.793650793708995,4.651526842529101,3.817606379269841,55.352609416,6.659362778325366
28060,7.285714285685715,1.9573645795857142,2.291080631,43.43039662662857,7.1680770511659535
28100,6.79166666672619,3.5283429638809527,2.8561255289404763,56.94484580446429,6.907387231699139
28140,10.028267014577299,4.821806147294847,4.432854838866275,80.55433774836008,9.620293909922058
28180,6.059523809517857,2.4931252789821428,1.8978491280535714,27.676364089732143,6.472145555724309
28260,7.562015504093023,3.096271380534884,2.9474238575348837,66.10240490072093,7.802280114722105
28300,6.742937853033899,1.7214036050847459,1.9980176423728813,25.968634503118647,6.84578585514189
28340,5.709523809457143,1.3820165869428571,1.1920068839428573,31.83586460831429,5.525377055610462
28380,7.045454545363636,1.3639972525454547,1.1299299895151513,48.35042485378788,7.100253056321479
28420,10.460573476715053,4.914947012177419,3.5070286464516127,65.84620781702688,10.842280253334586
28500,6.803030302818183,1.592007903151515,1.6087935696666666,41.69550451606061,6.421979947321075
28540,7.153846153769231,2.8898003877923077,5.607294564430769,39.64255588107692,7.793091374108157
28580,10.855263157973683,48.08320840988158,31.493515497421054,85.78190236082895,11.456375150215605
28620,6.1041666666562495,1.54494169059375,1.92953549984375,29.022916391625,7.806398813648358
28660,6.945981554695653,4.116915584822134,2.9103858677075096,67.15812250804348,6.651082868464566
28700,6.102325581451163,1.2796604540604652,1.325712643288372,28.86112940502791,6.0138982269334065
28740,6.302631578848684,2.091971552019737,1.7799293840526316,25.09514937995395,6.3417455368283795
28780,7.120000000160001,3.19851625848,2.5471990622000003,62.37628530644,7.15723506154875
28820,6.400709219914893,1.3411696996170213,1.4985499214680853,48.76830222553192,6.037706560476995
28860,7.3444444444,4.4304120673666665,2.4778137306666665,106.93643631636668,7.166392865450532
28900,10.28606965180597,3.003978083,2.2340193645970152,57.315065056552235,9.791346202110573
28940,7.073451910377471,2.4351621238932806,2.188526323061265,36.931682548268775,7.053517542967759
29020,6.9166666665,3.125913616757576,3.227991803333333,61.42482509774243,6.719033342518128
29060,7.204081632387756,1.584481923877551,1.8964348327142857,35.34358452220408,6.9500274843991425
29100,11.321548821232323,5.72791687880808,4.8797639743636365,85.7032389958889,10.706093925049965
29180,6.912595005439739,2.806791569941368,2.40958444604886,52.56946171955374,6.855301324511378
29200,9.310874704539007,4.83148022470922,3.732161696609929,57.77936161135461,9.803920095170984
29260,10.769230768961538,2.5248841753076925,2.4506876804615385,61.45037094469231,10.636301930988166
29300,6.14639639622973,1.2289037958513513,1.0983649044189188,34.48264426725675,5.8762242598405505
29340,6.9603174604013605,2.7640708314557823,2.9292457461088435,53.45473563417687,6.661328181620232
29380,6.491666666575,1.0473702055,1.1702972838499999,45.68505322945,6.024166123983359
29420,7.39689265520339,2.852644391457627,2.1623383916949153,50.71573836119491,6.910660441934545
29460,8.12940584076435,3.041529483676737,2.846784276839879,51.13406146069486,7.5958917015462495
29500,7.892857142928571,2.939660002714286,1.9934971045714285,92.56431979657143,7.641532963206803
29540,7.429447852699387,6.652573488199386,5.468853362365031,60.70929789444172,7.249001418539081
29620,9.017954722871194,5.113527682911007,4.096316679679157,54.420127768911,8.702509105222688
29660,7.8333333334285715,6.279894641928571,5.091169319142857,98.29562193264285,7.494575962802844
29700,8.338061465567376,10.484051776531915,6.433081405744681,135.65570580180852,7.747585335526725
29740,7.4031007752558144,4.267256282387597,3.3071257533565888,62.902461489573646,7.077383771991065
29780,6.310344827586207,1.5990966702068965,1.4532353696206897,40.7638836667931,5.951299199294445
29820,11.957624935561052,12.551535269017002,8.669732375977588,132.7274812736924,11.738378641104116
29860,5.2025641026307685,0.7997494104307692,0.8029485796461538,22.764880521753845,5.12902384405454
29900,5.993827160592593,1.0483473134444443,0.893056043925926,31.746396553296293,5.816875579194771
29940,8.551282051476923,5.766039747476923,4.61396504403077,86.5273807728,8.665842545529488
29980,5.122222222366667,0.6756016909333333,0.5430312217666666,18.426900556966665,4.880188803857535
30020,7.2481481482,3.4885882187666666,2.7664077059777776,69.5946215225111,7.061242120082948
30060,5.452380952142858,0.7525529037857143,1.0073238546071428,28.304782208,5.240084114751964
30100,7.208781362080646,0.7933722246021505,0.9328490319731182,15.789556670978495,7.3919588893989925
30140,8.258823529270588,5.947735352411764,4.278052965858824,136.42025301714116,7.9360514586806765
30220,6.249999999833333,1.111802007,1.2722908423333332,35.47460624227778,6.293080620447499
30260,7.08045977037931,3.1902838781379312,2.9203574329310347,74.36808667224139,6.525439257719621
30280,5.561403508684211,1.0360045657894736,0.7223587165789475,23.310938579105265,5.385912175716167
30300,7.081871345052631,3.7931943828245616,3.1759618759473685,63.005488599350876,7.030126522979133
30340,7.5578703701666665,4.114808929013889,4.638091015930556,58.66634846708333,7.143645371763366
30380,6.960526315868422,2.415267135736842,2.7762318870000002,51.264283583421054,6.7499748359078335
30420,6.7933333332400005,1.71744954072,1.17882992016,51.78407739324,6.644305872831055
30460,9.438622754559882,5.36917286786527,4.824265503491018,53.52762934557485,9.518432171911314
30580,7.803921568705882,3.9811058775882353,2.3296432595294116,78.8024392417647,7.887221634532302
30620,6.947463768152175,3.1053347188478257,2.9307244814456523,54.80163243823913,6.71555450495687
30660,6.60919540237931,2.169092755275862,1.4679989539655172,55.60291662717241,6.694833430497826
30700,12.80516431909859,7.641216691112676,6.982013527023475,107.1273862731784,12.508647570388781
30780,8.728813559447033,2.9181957160635594,2.9973294708453393,61.341843159614406,8.03878228615672
30820,7.054054054702702,2.605635221189189,2.0165991390540543,65.59339043143243,7.070242787923914
30860,7.314176245080461,4.450539021448276,3.423688472229885,76.26936753904597,7.478056753632071
30900,6.311965812,3.0700096384871793,2.2205043658717947,65.30266422494871,6.256923292433962
30940,5.0967261905625,0.6508563944285715,0.6987771174999999,17.796992782821427,5.179554498090396
30980,6.338759689893023,1.8391813238697674,1.4525454466372094,44.39531901676279,6.213610518442519
31020,8.938202247044945,4.7543348388651685,3.7255894944157304,69.12077045638202,8.389064362977214
31060,6.303921568411765,3.393680395235294,4.966686821470588,66.59930704088235,6.3587110479805515
31080,13.484238603325654,20.592730609694595,13.139890826129971,137.5562549165421,13.40449048780775
31140,9.993799323741825,5.396882919137542,4.593789544440812,79.7391858697204,9.496713332249156
31180,8.103582554518692,6.142769063668224,5.018664290060748,78.90086238040654,7.9628910470286245
31220,6.1049382715185185,1.8298740814074075,1.597763052185185,39.732345553370365,6.171773299983866
31260,6.352564102557692,1.4549661768653845,1.503601129903846,33.20730301411539,5.971745028000068
31300,5.263257575738636,0.8645749607613635,0.8982703958295454,24.834453319374997,5.0117803989806875
31340,8.078842315401198,1.6834776342215567,1.5919682577604792,33.37378492998204,8.228522488424034
31380,5.622549019529411,2.0860368852941176,2.225728431382353,35.55431721867647,5.572777327890559
31420,6.518962075826348,2.2102721905688623,1.9642734267185629,55.651959053233526,6.2546086661021265
31460,8.916666666774999,4.1550499224125,2.3039446432374997,53.744409608800005,9.03098879885433
31500,6.194444444666666,1.3321732287083334,1.3392265989999999,35.59940626116667,5.985327418975153
31540,10.078407225,7.450709469724138,7.861717302066502,67.50969981259114,10.293342716166311
31580,5.426829268121951,0.8937850109024391,1.112776601,25.413669110487806,5.228765183256176
31620,5.863636364,0.6726973475454545,0.6364951531818183,16.974928325272728,6.337135164171269
31660,5.535714285642857,1.3794808916904762,1.3549846622380952,20.921232544166667,5.5728320049752424
31680,5.736111111375,0.9122519854583334,0.765292020375,35.403731427958334,5.44659407353204
31700,7.645061728351852,6.900560520622222,5.647028654585185,77.59677436685185,7.301636474355792
31740,7.166666666511364,4.6525487218522725,3.8060825770681816,65.83342064110228,7.02716919884385
31820,6.76666666664,3.1537006362933333,2.934479012386667,56.553649535199995,6.492360035418629
31860,7.035353535363636,3.8041364529242427,3.351952867757576,56.94303512640909,7.032935417860687
31900,6.438596491263159,2.2085111643894737,1.9964227026,41.32694610556842,6.34543866015911
31930,5.921985815489362,1.4170037125106383,1.4786791282978724,26.794511723893617,6.077596105659129
31940,5.920634920666666,1.3964791213809524,1.417061887015873,37.34800728990476,6.189456545107323
31980,6.799382716240741,1.9837011966851852,1.6955394999814815,63.280710280407405,7.122607453184707
32000,5.629032258129032,0.6966557981290323,0.7135899879354839,17.500841855387097,5.406855247028974
32020,6.274853801140351,3.854198851561404,2.74411157377193,53.234481120087715,5.978988124346077
32100,7.109289617590164,3.455539789229508,3.199574360852459,70.73693749895082,7.039334319484053
32140,7.034722221916667,1.4495666281666668,1.468980775833333,38.898824737791664,7.353851412931383
32180,6.7986111114583325,2.0341278798333335,1.5774031589583333,49.266416807750005,6.83805153983837
32260,9.35772357709756,2.846785107902439,2.739956698097561,50.90210820636585,9.491453734217403
32280,4.85333333316,0.4358875668,0.37015764592000006,12.26153976884,5.19045778052049
32300,5.684523809482143,1.0108786593035715,1.0364233432857142,20.455435003071425,5.527204522162021
32340,6.8333333333888895,2.0956882617777777,1.492083557611111,85.86138153811112,7.216503304286023
32380,9.269230768826922,2.0674423762307694,2.4347337338076924,50.73931165755769,9.541642725942445
32420,4.4924242423636365,8.843032942477272,4.959059529340909,109.97786070711363,4.139215032854598
32460,5.241379310344827,0.7118198370344828,0.7753902921034483,18.057064972482756,4.950975134510083
32500,6.26041666675,1.1895396025,1.1569002851875,57.9472806305625,5.716521891264211
32540,6.238095238023809,1.232107831452381,1.1516001217142857,41.54879051735714,6.16149565134728
32580,7.176499508380531,4.8286378794277285,3.6119993409587017,64.53835360799114,6.565882455930419
32620,6.033333333133333,1.264522164,1.1770376327666667,36.9993885977,5.94220332001311
32660,5.364197530925925,0.7584023412222223,0.6814413712592592,16.921030880666667,5.304831825475725
32700,6.954022988275862,2.292381944862069,2.055242011310345,54.30181866217241,6.631330771791896
32740,5.968253968214286,1.4230807488214285,1.440076663654762,36.6042138179881,6.010847531065213
32780,10.262467191629922,4.5060471263228346,3.9501736583307085,59.57734962586614,10.809099550253034
32820,9.640000000064706,4.744515355968235,3.923511197788235,67.69397443605764,9.01925551444912
32860,5.7944444446,1.3714423772666666,0.9573036797333334,24.7831625797,6.142081292175356
32900,10.952546296298612,6.095617989465278,3.4585960620555554,65.35915448035416,10.97836167132702
32940,5.778388278604395,1.3809607645164834,1.4324705935054944,41.4045136559011,5.4919212834792654
33020,6.4097222225,1.3110342373750001,1.1201384440416666,38.27179922116667,6.196276148088595
33060,6.787356321655173,1.9463137503793104,1.6597972657241378,53.17391098568965,6.653440410444688
33100,12.707212475596199,19.178307316006432,15.69205671414766,114.63082130770965,12.502803160949295
33140,7.162698412726191,3.0554815602261907,2.6313070846785713,71.05258015238095,6.882975130897531
33180,5.326923076961538,1.02101918,0.8937093057692308,25.132485352846157,5.21595311659905
33220,5.861538461415385,2.4315770387846154,2.309297764984615,35.02116555353846,5.871437879366776
33260,8.227722772287128,6.41113636939604,4.382559394633663,85.68952449655445,7.980981461429961
33300,5.51315789468421,1.3084266827105262,1.3070970548421053,36.18825786539474,5.416107714996972
33340,11.746159754226575,10.278501177278034,8.000455180674347,102.20413936819124,11.234281274244548
33380,5.858974358974359,1.0320245312564102,1.0056273261538462,34.686081321974356,5.667381595186294
33420,6.986111111208333,1.723600696,1.1121841809166668,70.18850938854166,6.5303410201776675
33460,10.909869725314785,9.968849139257435,14.80663233491249,82.89015796205098,10.304010510901277
33500,7.546783625736842,3.3351641365438596,3.254154860877193,62.230377008736845,7.733093627184245
33540,11.96271929843421,4.614130460855263,4.969930087592106,89.44385171435526,11.709178644319435
33580,7.785714285857143,2.805832173095238,2.4978399262857143,69.60146699690476,7.592676052420937
33620,6.753968253714286,1.4365905177142857,1.4542181333333333,45.56201462223809,6.417004075506073
33660,6.927156177195804,3.0236141852132867,2.7655015348601397,55.76819360292657,6.701401415580883
33700,12.022727273045454,8.457358568457792,5.250507820012987,84.57708990373052,12.2503932563168
33740,6.314225053095542,2.0621812544713376,1.873307534579618,42.27899713624204,6.156540791931538
33780,5.6897018969349595,2.236869210325203,1.7076507696747967,31.54396233708943,5.690081429984263
33860,9.626874279190313,2.71030405867128,2.4695821275536334,44.12488521716955,9.067344060046574
33940,6.301801801783784,1.4955927425135136,1.6964248838378377,38.590942256,6.234859027297043
33980,6.4583333334583335,1.564650386638889,2.0265511221388888,33.76477208759722,6.343412652484954
34020,7.166666666869565,3.078230756934783,2.4664491358695653,69.37719111117391,7.006133941717015
34060,6.728070175338345,4.7436664888796995,3.613261561195489,66.17233424448872,6.862287216465421
34100,5.5814814814444444,1.1656816814888888,1.0101036920666666,26.512959507333335,5.579613095190206
34140,6.768817204258064,3.782205486,3.596468337903226,56.471171426580646,6.394683860413771
34180,6.815217391478262,1.8365887815434783,1.4650698490869565,36.26075573519565,6.829044557119177
34220,6.011111110733333,1.1562849282,0.9106233562666667,37.65597335973334,5.494521919414068
34260,6.033333333466667,0.5998094254,0.7208543857666666,23.359579164766668,5.960374261159734
34300,7.0729166663125,2.3218457540625,1.724305301375,54.250275816187504,7.046299448723263
34340,5.748587570644068,0.586496734779661,0.6449149586271187,18.813300080135594,5.680293762774658
34350,4.978494623580645,0.4093552480967742,0.46059056222580647,9.065518115225807,5.201488121567764
34380,6.472868216813953,4.913060794581395,2.78313433072093,78.17899727672092,6.635115977742239
34420,5.994623655870968,1.4347679216774194,1.1430154223548386,36.26919146329032,5.624201304269811
34460,4.9583333334375,0.69879506471875,0.71728605625,13.774979756781251,4.826958419544087
34500,5.486486486378379,1.3438738563243242,1.843406608918919,37.42769870208108,5.5581012513563115
34540,6.358695652282608,1.9155228636956523,1.6906317687391306,45.18404419404348,5.804448800792159
34580,6.932926829231707,3.1471896375243906,2.831973204804878,58.19033375991463,6.6465749849395035
34620,7.366336633782178,3.7231914225841582,3.2585365543465348,90.66938348761386,7.347777701056583
34660,6.1935483869354835,2.778496947580645,1.7067415661935486,39.58969098058064,6.104415961689474
34700,9.33333333367647,2.734207174735294,2.606072609,51.320517683088234,9.863845557188428
34740,6.814009661804348,3.793497878384058,2.577148949884058,67.99852278138405,6.464518453023097
34780,7.109289617557376,2.1704496535409836,1.765295941147541,65.20286466683606,6.688150174734309
34820,6.64644351472385,1.5490695614769874,2.297625725669456,36.9138575327364,6.6832538664099745
34860,5.9017094016666665,1.9150345617692308,1.7731089877435897,40.2344657561282,5.842833826470865
34900,8.127358490660377,6.837609499424528,5.143360401066038,82.25709653951887,8.590918902382965
34940,7.229706390305699,5.001141230725389,5.176725940518135,49.60632568967876,7.008311304770474
34980,8.322398939753478,3.736241238254473,3.894076673258449,57.79286503537276,7.76179132287911
35020,6.074829931877551,1.3309250045102041,1.1090648859999999,32.702219072448976,5.74659349460394
35060,5.785714285885714,1.4016000419428571,1.5959042424571428,35.19237254551429,5.623647221003157
35100,6.232142857119048,1.5002559070714285,1.4840439709642856,45.73088143057142,6.064886590848039
35140,5.193548387064516,0.6464264659032257,0.6537926783548388,20.905837307064516,5.488989002098587
35220,6.420454545386363,2.4262394390454545,1.9362042584772725,68.84162575172728,6.1683373553169565
35260,6.865800865727273,2.329239200792208,2.084250154597403,54.96758242271428,7.067586383055137
35300,11.225583864073247,8.433637983921974,6.825490452546179,67.00802203484714,10.72599831573445
35380,10.645345345265765,9.17127096529009,7.380239479849549,113.11803784813063,9.807771231355225
35420,7.63636363638961,2.4573586544415584,2.2801454463506494,103.00968386366235,7.135648358318732
35440,10.341666666675,1.7061167366999999,2.065683825275,56.636794665850005,10.076422101921807
35460,4.7160493828148145,0.5892028854074074,0.49802800337037034,21.450280851481484,4.887918836369396
35580,7.564102564115386,2.717480209538462,2.3086382636923077,58.38402657211539,7.668378882372774
35620,12.582973938040762,53.3673624822603,41.43107742141917,109.15827192914372,12.57423416169307
35660,6.314814814861111,1.958528067159722,1.6402157996319444,41.286417729166665,6.46490468786159
35700,5.7272727274848485,1.901716244757576,1.459127614090909,34.292774621030304,5.583891465006161
35740,7.1865079365952385,2.112876934928571,1.7016925080714285,43.895287915,7.392806629110592
35820,7.9774774772432435,3.223005676648649,2.338522502459459,89.63279892205405,7.830958402261169
35840,11.501811594136955,5.033629940493478,4.8793005800413045,85.55419175221522,10.595515631628231
35860,4.735294117705883,0.6261801222352942,0.5849520712941176,16.235047461411767,4.676572775124356
35900,4.666666666698113,0.40368500628301884,0.470633263754717,11.109541522245284,4.603841659386327
35940,6.048611111145834,1.8756940859583333,1.4752494851250002,32.655296759083335,5.884316677252185
35980,9.214539006898937,3.082429010702128,2.9568822014521277,37.32408093685106,9.070090485936749
36020,9.020467836421052,2.075195065701754,1.6163046108070176,39.4097817032807,8.744532640945453
36100,7.351428571462857,1.6888110222914285,1.6412768649885714,39.190194695799995,7.283504271771505
36140,11.184981685307692,3.303999991142857,5.814058754857142,93.56553594596703,10.80395567668038
36220,7.634556575036696,6.235811294889908,4.083576450513761,84.05208955063303,7.395458353893883
36260,11.093236714915943,5.880072040391304,3.836442364089855,69.84037389106668,10.793291857067247
36300,5.830218068523365,1.8079729042429906,1.6787730129906542,39.4231742817757,5.718039759733457
36340,6.333333333529412,5.702106445627451,3.6217799636862744,58.207709019078436,6.22418983264184
36380,5.863095238071429,0.9960267556071428,1.08345588775,31.635080491714287,5.752156659679016
36420,9.667153521638754,5.172064162039923,4.274377579629017,82.7017467037147,8.954961906970968
36460,5.8499999999375,1.36888698745,1.3618204274,23.0383823802125,6.091902015762879
36500,9.316770186440994,3.395081083732919,3.5868583442919255,52.76014114826087,9.3623618414029
36540,10.074165636615575,6.375458021587145,5.24801784903461,90.06155392230409,9.69807413151062
36580,5.440476190464286,1.5736864195357143,1.217368867142857,34.237230612000005,5.6342429675048145
36620,8.811594202760869,1.4301647062826088,1.4024915600217391,37.79774522095652,8.487142803335072
36660,6.401515151560607,1.7418023130606062,1.409047409818182,43.93019995777273,6.09720108488605
36700,5.5990990991756755,0.9639033948783785,1.0635320561351351,44.900119327540544,5.408012451002397
36740,10.190047961577939,5.233201226082733,5.198928077991607,73.27442678612111,9.652066521202082
36780,9.7620865140229,5.737549826389313,4.811857858679389,78.87120994765648,9.23170772380082
36820,9.650793651666666,2.2610548302380957,2.1336669292857144,55.972846826761895,9.43322226312491
36830,7.855555555533333,1.2231636257333334,1.0103149410666665,23.599790889,8.854753581295908
36837,6.75888888886,2.342842227773333,1.8801040164333336,54.491767494053335,6.609826699097547
36840,6.224637681043478,1.4399714920869566,1.3440089473913044,34.46463800378261,6.3885694166747635
36900,6.5855855858918915,2.7038983595405406,1.947200065918919,60.129708554378375,6.831521072661221
36940,6.666666666884615,2.588073749230769,2.7199863121923076,41.18092492223077,6.639291816821355
36980,6.65476190475,3.0127891451428574,2.8265686173690474,52.413693428119046,6.5446221476362645
37060,5.733333333266667,2.0133167283333333,1.6828625739,33.76478751486666,5.807375745854375
37100,11.691472868360465,10.908144255946512,6.078658706693023,96.63220098705814,11.97476748370729
37120,5.418604651116279,0.5397448104418605,0.4776600166744186,15.033876570302326,5.142635265474815
37140,6.327380952345239,1.436869681,1.6381706970595238,41.301989624095235,6.208871192021408
37220,5.123188405869565,0.4486541115652174,0.3013745772608695,13.915126692173912,5.540800061126736
37260,5.773224043655738,0.9268579645573771,0.8655355268032786,35.32871377090164,5.753055456248935
37300,5.435897435692308,0.8474717293333334,0.7245273271538462,26.51906019502564,4.8092477056034415
37340,10.044025157119497,4.40516211954088,3.6431544083364784,63.3044997028805,9.722021307997018
37420,7.626666666879999,2.99908781204,2.08311909236,85.86905625048001,7.256158959277005
37460,10.214067278321101,4.412431526605505,4.021271886862386,60.84046521337615,9.457143718169567
37500,5.788461538461538,1.5555515974615386,2.1171310536153842,39.96888446411538,5.747712315764852
37540,5.202380952142858,0.62205924475,0.7398817509642858,20.788098443928572,5.090244431233836
37580,6.434210526447369,1.4656411005526315,1.6142965652105263,45.27287587536842,6.377109747303822
37620,7.043378995369864,2.3733665586849315,2.5264980643013697,52.75859784382192,7.052001576251738
37660,6.818181818318181,1.546310277409091,1.5137359950909093,53.9894619725,6.863545605003386
37740,5.455555555444445,1.420854576488889,1.3093820483111112,30.475800639155555,5.522471910105881
37770,5.736111111083333,1.5394738030833333,0.9950347895,44.566375098916666,5.535741294503403
37780,8.41666666725,2.4790835697499998,1.4384180146666665,100.98758490833335,8.095138023070467
37800,6.672619047678571,2.1499970995714284,2.1784527677142855,44.4752786835,6.492807741393079
37860,9.039653035962825,3.176579945836431,2.884692628126394,51.457763148657996,8.557606308070806
37900,8.86510416674375,3.3989739584218754,2.895752761459375,55.50028281035937,8.83125205377833
37940,5.884259259388888,2.1589611726388886,1.6141528718055556,45.65076824661111,5.4964160701807465
37980,12.378502864235719,16.8030911597039,12.10739871784719,114.01693573375917,11.747496257771333
38060,10.9281311636017,8.708305410883506,6.385126492450814,107.30923642053847,10.615902100944304
38100,5.38172043016129,0.7016200348064516,0.5907161833870969,23.551504711064513,5.3186428282809475
38180,7.911764706294116,3.582811208705882,3.3705756329999996,75.91287722788236,7.673603699947657
38220,6.2348484847840915,1.7445418843636362,1.4849053345113636,65.52105818294318,5.710345263197293
38240,5.883040935561404,0.7509796485614035,0.9459966017719299,20.50442556835088,6.075411224572608
38260,7.289215686147059,2.3931610896470588,2.1908466155,70.88386602258822,7.279584739580264
38300,10.492965085984887,5.995315146697238,6.409084888826472,109.01150566530016,9.823446759287625
38340,9.163170163503498,3.2363776808461537,3.3056089256923076,40.77649114241258,9.215429180443971
38380,6.755555555433333,2.528732669333333,1.7496757206,61.189028246266666,6.896520387948407
38420,6.217391304326087,0.7498203595652173,0.6331040424565217,17.90996196378261,6.252685163723008
38460,5.595238095259741,2.7718761857662337,2.8073720937012987,33.151359223038966,5.533356437450541
38500,5.640350877026315,1.1154835300789474,1.0185892415263158,29.669923020473682,5.624129913690997
38540,7.228855721507463,3.984863075238806,3.4367554349552236,57.15148091489552,7.324947724842031
38580,4.882978723531915,0.5602786213829787,0.6107578150425532,13.365019563234044,4.680718428091365
38620,7.552631579157896,2.505590786736842,1.936097633868421,69.57909736960526,7.241785502305323
38660,4.6514382402690355,9.660669794736041,4.532973165050762,97.27898074177156,4.524793875151375
38700,6.319047619228572,1.9471380737714286,1.822254243942857,50.08968134774286,6.4150836913471805
38740,5.92666666664,1.094195545,0.94950910806,32.467883999259996,6.039603492416279
38780,6.6960784311764705,2.128078858529412,1.721344750235294,67.07042457970589,6.701077574832244
38820,8.639393939436363,1.8446846219090909,1.699294911509091,37.306055412654544,8.749432787023185
38860,8.53718285210761,3.9733372729711287,4.502040748787402,48.489991529480314,8.306409319054586
38900,12.75392915781281,9.754537321452498,9.138107458517945,120.79772767818649,12.59525561304614
38920,6.8703703701666665,2.3006550309444447,1.4170202805555556,67.71049694116667,6.97662065684849
38940,7.097163120570213,5.293227863229787,5.061975603340425,59.67930748479574,7.237678083561766
39020,5.949771689575342,2.67098384160274,2.3938789258356166,50.771424411068494,5.716522426078205
39060,7.355555555422222,4.822343778481481,3.829584594955556,92.99512357072592,7.1300674537062445
39100,7.679071246793892,4.725945793545802,3.563919283597328,45.934018458740454,7.589049689939475
39150,7.128654970754385,2.1392289188508773,1.7601903369561405,34.696254061614034,7.156107043054254
39220,7.0357142852142855,1.3989622867857143,1.3107951991428572,31.805929432714287,6.944136044581303
39260,7.94791666675,2.199721266,1.7943186000625,49.91440861675,8.11267553108318
39300,12.246887966807469,10.989373244639834,8.533087270741078,115.99056069729627,11.687132264042317
39340,10.791666666727274,7.991419208076704,4.892251765517045,76.97060254479261,10.590041426445252
39380,7.235074626873134,5.659084145970149,4.326380617298508,95.5174661664403,7.094024956691969
39420,6.368686868848485,4.927475862484848,6.11645336339394,57.42392571778788,6.858415821328957
39460,7.243827160314815,2.746552213740741,2.5562339374814815,62.98277591280556,7.23483315797458
39500,7.0324074075,2.8685024901805556,3.177000518041667,70.55489172576388,7.018204846569375
39540,10.74151696588024,6.725165265323353,4.786372482934132,83.8325178206527,10.007042890087366
39580,9.368189806811952,4.00005028385413,3.698018032094904,61.24403793053955,8.98298880025039
39660,7.577380952547618,3.3950660315952383,3.0186331094166667,71.93835293015476,7.079105653122814
39700,5.9166666666875,2.3765483280625,1.065761675375,38.8876013918125,5.912391591029282
39740,7.906289308215095,10.834804629267923,7.691884984309434,101.1896345962868,7.701168709235133
39780,8.414728681860465,1.7386930373255813,1.3294382173255814,30.861623119790696,7.870483749330709
39820,8.937659033145039,2.536727279206107,2.1947061947175572,35.036436000954204,9.154228439086266
39860,6.837837837810811,1.6586174724594593,1.4581837796486488,28.436881985648647,7.069195317675379
39900,10.092592592695238,8.193282146126984,6.565149033088889,81.98393152537142,9.993317225259428
39940,6.633333333457143,4.9485011916,4.3977710804,38.3545443982,7.176853106456571
39980,6.733974358942307,2.529656119576923,2.6113054664807693,57.760551228576915,6.872457328250192
40060,8.712038303633378,4.542856842792066,3.9650711327181947,58.9288149460684,8.459645782381415
40080,6.01075268817742,2.339932079112903,2.293733178419355,50.33092291554839,6.132050801421016
40100,5.391891891864865,2.1235880332432435,1.1840676628108107,40.25843662662162,5.289729865060413
40140,10.826421614919887,8.562040279687558,4.657425473314326,75.0809333972592,10.804522791554891
40180,6.763440860225807,4.119737098,4.340292686064516,34.037198825903225,6.6321780284415865
40220,9.0526315790622,3.051550639320574,3.0386092234784687,45.58120460878947,8.638804391812306
40260,5.337899543479452,0.9149479947945206,0.7616109220547945,23.041749382863014,5.327268977545653
40300,6.08712121225,1.5025661721590908,1.3159241791363636,41.45540373093182,5.8657782627838015
40340,7.582341269875,3.4011720264940473,4.488503048,42.44588886322024,7.6900085635096636
40380,9.811960784224706,6.17291179684353,5.137763665277648,61.27171434662941,9.219842363518666
40420,7.081034482727587,4.944205761134483,4.148520301034483,76.57087884216553,6.918809229469143
40460,5.934959349585366,1.0659158842195122,0.9146046548536586,33.14663416526829,5.758908878998163
40530,7.2105263159473685,1.6059137387894735,1.4620958513684212,64.08321829094737,7.374483436284779
40540,7.210784313558824,3.578548653470588,2.6176811625588234,59.797846777588234,7.693168166216379
40580,8.190476190303572,1.3818369959464287,1.26941652375,34.393177069794646,7.520891166252771
40620,6.297297297513514,1.740379205972973,1.6915972958378378,44.80145177637838,6.346100605221528
40660,6.0773809524107145,1.5498479846785713,1.744416191875,29.720629021732144,5.861353245746097
40700,8.81764705864706,3.6598400630470587,3.425734471082353,39.03418551330588,8.802005729488677
40740,7.903846154038462,3.363115239153846,2.436812851826923,78.78971413228845,7.9184400415273215
40760,7.238095238071429,0.6031632766428572,0.7049404620714286,21.50689539964286,7.378494678764808
40780,5.85666666678,1.2481089404399999,1.2171466652,32.00342903044,5.908555022392023
40820,6.4040404040606065,1.7112127889090907,1.9055060654242426,97.51013929057575,6.127132781515796
40860,9.097222222716665,1.6575211805333334,2.049405472333333,27.38658404915,9.127168638413796
40900,11.829810495693879,8.849266777631923,6.517818978862245,101.73416076791327,11.759474905168002
40940,5.701149425310345,4.449585396103449,1.6873037076206898,43.77289997427586,5.243477036563821
40980,6.635838150294798,3.4450107132312136,2.6718032070289017,64.98966001160694,6.465215602026082
41060,7.167989417992064,4.132192712825397,3.0320473450238095,60.05496362874603,7.1870144491426355
41100,7.906432748403509,3.5427247553157892,3.3808343735263158,54.022620201070175,7.804679502624988
41140,7.427672955858491,3.2656548919716983,2.4476114266132076,78.94786855625473,7.530875250011745
41180,10.134673366885929,5.7938447679075376,5.080149256568844,78.27553226165276,9.475874851969687
41220,5.893333333399999,0.8479852273599999,0.53304735096,15.57063490704,6.484039660707231
41260,6.209876543185185,1.1611771241851851,0.9909834581851852,32.41208007811111,6.227658346380031
41400,6.434397163159574,2.050792734638298,1.8443304117021277,53.767074272223404,6.1504844411408515
41420,11.491416308785409,6.3350917671158795,4.810830697592275,74.71243377754506,11.551526052197625
41460,10.872549019764707,4.098310665490196,3.5325589196666667,82.51841341415687,11.09120824357368
41500,11.879113019034335,11.56024977469528,5.972684582330472,95.82431122239056,11.832346134219332
41540,7.584249084205129,1.7378307152820514,2.843146772978022,42.32211068496337,7.160159359823855
41620,13.130434782619565,9.210605078697204,7.129123042934783,112.00123916778573,12.878807859516964
41660,7.65333333324,4.42249969141,3.23431073383,92.61479175061,7.2739870086022425
41700,10.472534332041947,7.121063545285392,5.027112814041199,78.35718091085243,9.76695714783537
41740,12.18662952649805,14.699463628567688,9.582760917379945,111.84279143330863,11.801962890603368
41760,6.152380952171429,1.0969998292857144,1.3374071539714285,30.066137266400002,5.990466936517384
41780,9.528571428685714,3.700735169414285,3.309238142157143,66.09772937411428,8.974921032230128
41820,6.045045045081081,1.306864748783784,1.1299540007297297,24.98114920845946,6.019814275832815
41860,13.138018142165002,22.759665024023768,18.95012370836445,144.7442131115632,12.983996583937403
41900,3.5181159420326087,3.994563649304348,1.9142449294565218,47.86348335317391,3.5041311077796893
41940,13.44245142001166,15.430649701810761,9.691005843281614,144.73583920771839,13.579093359513687
41980,4.946406820925091,12.367004817620584,6.438644496920219,113.15169103228257,4.685608733901342
42020,10.744376278257668,5.104484544067485,4.033613477969325,65.16888955423926,10.37902388197842
42100,11.977040816311225,9.242373843209185,6.811472119678572,87.44987117131122,12.042187033809263
42140,9.200980391970589,3.297773500313726,3.287625061843137,65.2049967972549,9.432263161947033
42180,4.3541666665625,6.788834610875,2.6193813238125,78.24550941125,4.156802320217076
42200,10.495740149194889,13.069024541042811,7.381292106003196,114.73392154894249,10.769777811889846
42220,10.863479759020672,7.3821511873229975,4.88116927244186,72.1249036831473,10.961913652946409
42300,5.833333333378378,2.6327279906756758,1.515343689162162,45.97831276527027,6.12347800045615
42340,10.593360995717841,4.865018259908714,4.4529770204813275,102.22660431550622,9.226243788586224
42380,6.290960451966102,1.2680602170677966,1.3220241143898304,33.58544011062712,6.273141502433512
42420,7.247863247871796,2.607211703076923,2.0480394746153845,69.89708878864103,7.482760726164768
42460,4.803030303,0.3532533956818182,0.4466972317272727,10.857119319159091,4.708238952609301
42500,5.583333333222223,1.0683896428333333,1.0351211506666667,25.83352490388889,5.230917182524575
42540,7.836076817584362,6.262929747446502,4.9640460225493825,95.71190992792798,7.7507951386000355
42620,5.971014492869566,1.1676664477826086,1.140465324,25.644169486717395,5.8205124952399
42660,11.85333601838663,10.195739985744261,10.04794744326178,107.50647574185743,11.793133978361956
42680,7.277777777806452,2.984549785311828,2.7743528588064517,53.488368717516124,7.20445654289163
42700,6.440928269949367,1.7328305143670883,1.4046941734177214,49.0662558893038,6.540404436049881
42740,7.416666666710527,2.953487216368421,2.437041396842105,81.6754823576579,6.937323483876424
42780,6.6111111112000005,1.3006414662333332,1.2279279096333333,50.77761785046667,6.492112720240028
42820,6.089743589692308,1.3221309501794871,1.207295092974359,43.21312617779487,6.112514260437059
42860,6.0256410255192305,0.6617667962115384,0.7279989478461538,23.696723633884616,5.908606706906032
42900,6.009009009162162,1.2544856102162163,1.1940768268648647,23.423625043675674,5.9245685504946834
42940,6.0265151515227275,0.5931968037045455,0.785591727590909,15.411101426772728,5.959260682481561
42980,6.400000000314286,2.1920770594571426,1.9363889474857143,51.30249790851428,6.094102295887409
43020,5.94444444469697,0.8165474949696969,0.7620656852424244,20.847603459848482,6.057548039183207
43060,6.905660377283018,2.2756083158867924,1.8039268882075472,49.975576993188675,6.557354166700126
43100,7.2156862743676475,3.9937203837205884,3.3313004946617646,56.52997801860294,7.379958913640269
43140,5.891774891792208,0.9672396737402598,0.9674617940519481,24.47617334531169,5.70378623363249
43180,5.380000000160001,1.09190597716,0.9961239974,18.9289283976,5.309916312849069
43220,6.445578231326531,1.035289689367347,0.792401890755102,24.018298153775508,6.277992452655036
43260,7.746031746190477,2.5706229467619046,2.2880728496190477,67.8329754577619,7.5297381048865795
43300,6.378623188456522,2.4994099148152173,1.6261414754999999,51.93834374320652,6.133087015183074
43320,5.320512820461539,0.8287134621410257,0.7142849762307691,24.337103510051282,5.35180227828467
43340,6.560137457041237,3.220853048030928,2.782968745993127,50.11255529663574,6.295352594428918
43380,5.99572649548718,2.281135823538462,2.208208934435897,35.36392137753847,5.79642532651536
43420,6.160130719029412,2.2655012848333334,1.8014535564215686,49.38943806928431,6.0951926555290905
43460,7.380952381028572,1.6709732750285713,1.7491378058857143,53.053666886,6.601013882805107
43500,6.1799999998,1.36509623492,1.09099361212,43.990866313999994,6.406827981719041
43580,11.183698297109489,5.080335866912409,3.49705261359854,83.58139521658394,11.098859633551081
43620,10.305894309060976,4.557608240987805,4.9709384517134145,66.81851263394512,9.921844048295295
43660,7.440476190285715,1.7120083130000001,1.1069824055714286,62.39367491242857,7.21580911498051
43700,5.643410852813954,0.8778626499767442,0.9690022661162792,22.14366970427907,5.712014446534429
43740,6.229166666777778,1.1944066186666666,1.1293457802222222,37.28665843995834,6.26115313976013
43760,6.302083333354166,1.1824474280416666,1.1337629441666666,23.676478444875002,6.206800539001075
43780,7.2857142856959705,4.342436152641025,3.52210976885348,98.88199383585348,7.007052801139956
43900,6.323076922979487,1.5276145758820512,1.4444905158256411,30.908649569564105,6.179195552470984
43940,7.078431372117647,1.2213180205882352,1.3977304694705883,32.55084350882353,7.10978573847218
43980,6.842592592722222,1.056126003277778,1.737388789888889,35.89131130788889,6.719150370964629
44020,7.299999999600001,0.9352704594666666,1.8118672196666668,38.53552462373333,7.14348811728981
44060,11.186797752783708,5.4208436520337075,4.793453198547753,105.91301143824157,10.562910333903531
44100,10.170984455746114,3.862086301870466,4.488698603414508,58.95757163149741,9.922100068840306
44140,10.431878306837302,6.660034958355158,4.650349118027778,66.49452269797817,10.20783146271393
44180,7.13561470218251,2.906988059285171,3.096728886254753,52.002806557460076,7.153151248597375
44220,6.5980392157058825,4.104607295897059,3.0529450057500003,64.68320895719117,6.488987756187548
44260,5.799999999828572,1.3287434787714285,1.5896280806,24.323481270942857,5.846914745765702
44300,10.686868686808081,10.164982003848486,7.521651514212121,102.34800419357576,10.631924786469268
44340,6.396825397261905,2.295076643142857,2.1081537932619048,81.72369141945238,6.3139503270476185
44420,6.097378277213483,2.0999495442134832,1.6468071630674157,37.315695616876404,6.074462403392125
44460,7.0,1.3912176395263156,2.636672256526316,32.03982246257895,7.116353086182119
44500,6.764367816275862,2.3431125260344827,1.8550586558965516,50.20923579348276,6.774524693631913
44540,7.3437500003125,2.961821837625,2.33779316125,69.514599078125,7.4432892252072484
44580,6.592592592746032,2.8915573358730158,2.3327702853968253,62.05847280293651,6.397312457248954
44620,6.717948718115385,2.4323180936923077,2.417765535576923,63.284584981,6.806538808483152
44660,7.574074074314814,3.2523818226666665,3.342837943018518,86.22431082283335,7.50627719456648
44700,11.056962025192405,9.77261893367848,5.776066382526582,89.31684524940506,10.81427578331643
44740,6.6333333334,1.4869871579333334,1.0972358036666667,29.119524659866666,7.009805857228629
44780,5.059523809285714,1.2879409815892857,1.0396058858392858,25.561047554749997,5.248003459091384
44860,5.413580246851852,1.0494013837777778,1.083958916259259,21.76207131374074,5.547470566370612
44900,5.098484848272727,0.7968649273181818,0.8366712468636363,22.571950480318183,4.96974520138252
44940,5.926870748418367,1.3148967756938776,1.039034584153061,33.4557560799898,5.804471723551697
44980,7.923913043413043,5.916874849663044,4.76001716573913,137.66983291380436,7.471833197829299
45000,7.74,1.14102316548,1.01638408744,28.658754953000003,6.11727860612862
45020,7.470588235176471,2.2317501100588233,1.6820944914117648,78.12333696211765,7.466412757679941
45060,10.269155206273084,5.508073135538311,4.919448179550098,60.79969687495874,9.820292600023153
45140,5.7395833331875,0.84566899715625,0.9424309387187499,30.43326205740625,5.78249552442435
45180,5.487654320962963,0.7402589768888889,0.7810443816111111,20.516493819648147,5.272974203001292
45220,8.678723404259575,3.5970290004127663,4.000630327344681,48.898964838353194,8.622236370544071
45300,11.017435134792267,8.84308738135399,8.612564297455132,92.78602032742637,10.431547926578768
45340,6.378787878909091,0.6690290485,0.8152125571818182,19.55737140290909,6.2859807022218135
45380,6.400900900891893,1.7936558138648646,1.489943485945946,52.96781621832432,6.256698063053805
45460,8.362197393033519,2.6515433155586594,2.206227070513967,79.2833949593352,8.089451120931674
45500,6.34533333332,1.9024311980320001,1.724966017904,53.140991671968,6.243691429870989
45520,9.689393939227273,32.13979706999999,42.147855878045455,68.54007927831819,9.647175184912859
45540,5.634146341463414,1.3654792385609757,1.0541481748780488,27.06830155868293,7.307458463943974
45580,5.5079365077619045,0.8082193438095238,0.8545394716666667,26.800438745,5.226560115833117
45620,5.986111111,1.2311825291111111,1.6756308151111112,37.751871619750005,5.7077241224345405
45660,6.675438596456141,2.8029765576491226,2.2501668227368423,50.04740840745614,6.465386810882776
45700,7.505376344,2.0397055980645162,1.844776289387097,62.66974726116129,7.0166872376807214
45740,6.740740740833334,0.7764137219444445,0.7810083194444445,29.63134802383333,6.292789635059316
45780,10.286773428350534,5.500542781911031,4.378443301314946,71.71096691031671,9.669268956917104
45820,9.528985507440217,3.436001652076087,3.2897734357989132,57.066436864842395,8.980023721810499
45860,7.502331002482517,1.8129554234615386,1.6155625615594404,24.23026542397902,7.274339683971857
45900,6.9903846153269225,1.01016101825,1.4288249962307693,21.347675132423078,6.880204402487494
45940,12.329889807177686,11.496391397454545,7.536758861528925,120.88953203368182,11.899818401342253
45980,5.362318840521739,0.7185513097826086,0.7870426719130436,15.347030890391306,5.549461625170703
46020,7.786666666546666,1.5170207720666666,1.3629903597466666,24.01914697922667,7.732998963772284
46060,10.712962963041269,6.311972873776191,5.016079555693651,86.00559631246983,9.890744405600962
46100,5.453846153969232,0.9504546365846154,0.9035369298923077,22.433046178523078,5.39528810316577
46140,9.478974359129232,3.935303817846154,3.6691686303599997,68.23218153226769,8.945004548969514
46180,5.324483775911504,0.748652193858407,0.9910650246106194,16.885182188619467,5.256197370920343
46220,6.168789808872611,2.1124944036178346,2.157879794611465,34.469772696445865,6.30447301566874
46300,7.286764705823529,3.4896038374117646,2.6008434542058825,61.17156279297058,7.480600141238793
46340,7.169230769338461,3.1718808260076927,2.943828668676923,60.56040623473077,6.811828841155648
46380,9.016877637316457,2.3746790752784808,1.9962561244810126,35.66692582916456,9.180307398016653
46420,4.932098765296296,0.6581463195185185,0.6577938025185185,22.208093600185183,4.73548208151834
46460,5.202380952321429,0.7143524736071428,0.5952139771428572,19.829475873178573,5.3410441240207405
46500,5.083333333176471,1.0598077198823528,0.8658465903235294,19.115212033941177,5.089414367881021
46520,11.998871968541454,23.310722630301186,20.670654797664973,89.27035017334349,12.240813266966251
46540,8.804551539425702,4.61751680735743,4.1246506457710845,55.33628695230522,8.350264416694598
46620,6.935185185222222,1.6496904267222223,0.9896856023333334,43.67170508277778,7.427863551654448
46660,6.2429078014361705,2.0590221515957445,1.711060589712766,40.87058738204256,6.344758492231337
46700,12.223976608133333,9.510526342189474,5.501180980119298,96.39298831778947,11.924558182938968
46780,6.178571428571429,1.732220333857143,1.332734191142857,41.31692785557143,6.227255047572292
46820,6.527777777833333,3.752796507083333,2.9425765171666662,41.75099035758333,6.948282465653069
46860,6.4912280698947376,1.1251322288421053,1.154751657,21.58320027936842,6.506061356760042
46900,7.444444445083334,2.172524896666667,1.6483293910833332,68.94791077075,7.4267265876476065
46980,6.320512820358974,1.5685384483333333,1.5990097143076925,46.85159122584616,5.754784917645332
47020,7.117370891887324,3.4205611484225353,2.8622195909014083,63.96155946270422,6.976946630232882
47080,5.854838709903226,0.6693358108709677,0.671452252483871,24.888441657064515,5.641475446307505
47180,7.4922480621860466,3.009152627395349,3.4384291352558143,92.62871122718605,7.193433844025768
47220,8.70666666658,4.0872079146999996,2.57360486654,45.920109863810005,8.799036288587315
47240,10.88095238190476,1.4910655892380953,2.184758729809524,64.01803027157142,11.845145267427135
47260,10.12542229738598,6.596934262146959,4.9086646053302365,76.5984417252483,9.961567396395168
47300,7.356172839588889,5.710192559866666,3.3362495654111113,61.805252987240735,7.449546520987775
47340,6.545454545272728,1.6945068384848485,1.5377300651818182,44.833096203696975,6.365622332293825
47380,6.927902621651685,3.6943652088988763,2.8247272968820227,67.5065234560337,6.722972989835057
47420,6.405797101391304,1.1291321597391306,0.9439527812173913,30.538542089173916,6.4193878601847025
47460,8.914728682046512,4.344058212651163,3.581836341255814,77.91143514002324,8.643325143293046
47540,6.556910568975609,1.6283438119268292,1.568457579585366,40.122766262585365,6.3634603063637085
47580,6.819767441767442,2.5087279574651165,1.8981133212790697,40.37092793901163,6.735290440737187
47620,6.060606060681818,2.840997878022727,2.775483959613636,37.92257410229546,5.996224137335057
47660,6.138095238228571,1.6588901151714286,1.4454839769428571,28.657300988200003,6.115104273476281
47700,6.140804597655173,1.2759720578103448,1.3132603323103447,37.467156011034476,6.107265521154343
47780,7.091954022896552,2.028300770137931,1.7498024251034483,58.86129207310344,6.658079565899535
47820,5.9285714286571425,0.7723055511142857,0.8303519067142857,23.173632013342857,5.769528466409585
47900,11.243173981912776,14.977142180443108,14.96894908433352,91.43493260354096,11.046150970916385
47920,5.935897435961538,2.0667317806153847,1.865196104923077,40.99040842942308,5.476278582680154
47940,7.52380952393985,3.3693273497142857,2.8331037878045113,70.57849110051127,7.514691533770161
47980,7.801282051807693,2.765361163153846,2.710793627423077,66.16098201915385,7.49402818259721
48020,7.028735632293103,2.2409009610517243,2.3019063523965517,48.64301190408621,6.648200869529237
48060,5.937499999979167,2.1673400034166668,1.88661242753125,30.530395752489582,6.027819038620655
48100,6.2749999997,0.9070789638000001,0.8004478351,37.19084394755,5.719253464520458
48140,6.571059431418605,2.191675920387597,2.4386897326821706,47.60146415064341,6.524155181660669
48180,6.629629629711111,1.2248936108888888,1.307765982911111,58.92288054113334,6.127290932438106
48220,7.97727272740909,3.2510493370454543,2.7215786730000002,82.50552122263638,7.883249455271218
48260,6.305555555491667,2.1433850631416664,1.7952313304833334,48.511093142250004,6.304221343242186
48300,10.033730158904762,4.169889096166666,3.763798524964286,59.22060629805952,9.834868690771406
48460,6.203125,0.72691164815625,0.9698737144375,31.03405538853125,5.901430518882849
48500,5.88235294082353,1.2714750483529413,1.0990135507647059,31.626379255941174,5.536836967994143
48540,7.337807606295303,2.906131822328859,2.863345606194631,85.3906667417651,7.065280425772935
48580,6.457364341232559,1.850253738755814,1.5321161408139536,32.142539937755814,6.668384896561911
48620,10.04525862077155,4.833806480148707,3.8980176052995685,87.10709068868965,9.440898744653275
48660,7.108465608365079,3.1075802147380953,2.3704033978333334,66.43717751997619,6.970090422864908
48700,7.635693215283186,4.1356027632831855,3.6343680537256637,116.17046959284072,7.342379206990162
48780,7.879629629888888,3.6048008957777773,3.225234829222222,74.6163407496111,7.67436853504031
48820,6.63725490164706,2.0289115125294117,2.3913958499705883,38.752984681294116,7.0645209180357735
48900,9.939692982322368,3.2680172681578945,3.661239664072368,61.768632257276316,9.646735580799119
48940,5.3333333334374995,1.36814653559375,1.1764039894375,21.04976581215625,5.144425084413261
48980,6.757575757454545,2.382090072345455,1.9280813557090908,61.13642912558181,6.648200058932982
49020,6.513565891627907,2.936126819476744,2.833562353244186,40.86783558443023,6.331440519566921
49060,6.661616161575758,2.4045709913030304,1.8833787578484849,70.69387158748485,6.6438846898735635
49080,6.023809524,1.5876424254285715,1.2993138126428572,53.660294937,5.513980911924573
49100,7.67543859668421,5.5012900895,4.90062865981579,109.63100877839473,7.246448495928237
49180,6.427203065181609,2.1255929030528735,2.0558908983908046,33.65310723635632,6.291454492208512
49220,7.039351851777777,1.990234370263889,2.1045097447916667,61.896789975597216,6.866774026213281
49260,6.969696969409091,1.0687964040000002,1.0194661682272725,37.69687164354546,7.021133697817763
49300,6.4437751004216866,1.9474580297590363,1.8888643334819277,37.51089653180723,6.242017187629604
49340,9.420524691442901,5.876776651944445,4.5576242056666665,60.432444143885796,8.94367527399807
49380,6.007575757545454,3.3506600924545453,2.3745887620454544,45.13682417372728,6.320809866120152
49420,7.70581655462416,4.537140968536913,3.1285088069932887,56.27024287694631,7.997891640565689
49460,6.956140351210527,2.9209366301052633,2.635069039473684,57.87998243378947,7.076227788514944
49500,4.074561403513158,4.724408173328947,2.2803248038157893,71.5687601705,4.057151643915892
49620,9.563146998059008,5.395461285965839,4.277276519652174,79.51131545068634,8.83121928601996
49660,6.641987179521154,3.213091179057692,2.6549458944807696,53.14591027125385,6.540952016087929
49700,10.274774774855855,5.483403455711711,3.292294069063063,70.7683477001892,10.32786158208541
49740,10.012910797964789,5.63681586993662,3.719925336070423,77.35100977445775,9.905498430518234
49780,6.377777777626666,2.3206962189866664,1.9664778776933334,40.539514557893334,6.127517155232632
49820,6.592592592111112,1.825550111111111,0.8314450735555555,51.97606410911111,6.4873338433707985
